{"cameraMode":{"drawMode":0,"name":"Shaded","section":"Shading Mode"},"sceneLighting":true,"audioPlay":false,"sceneViewState":{"m_AlwaysRefresh":false,"showFog":true,"showSkybox":true,"showFlares":true,"showImageEffects":true,"showParticleSystems":true,"showVisualEffectGraphs":true,"m_FxEnabled":true},"in2DMode":false,"pivot":{"x":-1.8829398155212403,"y":265.19036865234377,"z":23.359037399291993},"rotation":{"x":0.7350748181343079,"y":0.01016806997358799,"z":-0.011026937514543534,"w":0.6778210401535034},"size":21.211111068725587,"orthographic":true}